{
  "properties": {
    "connectionReferences": {
      "shared_ftp": {
        "runtimeSource": "invoker",
        "connection": {
          "connectionReferenceLogicalName": "ya_sharedftp_17f96"
        },
        "api": {
          "name": "shared_ftp"
        }
      }
    },
    "definition": {
      "$schema": "https://schema.management.azure.com/providers/Microsoft.Logic/schemas/2016-06-01/workflowdefinition.json#",
      "contentVersion": "1.0.0.0",
      "parameters": {
        "$connections": {
          "defaultValue": {},
          "type": "Object"
        },
        "$authentication": {
          "defaultValue": {},
          "type": "SecureObject"
        }
      },
      "triggers": {
        "manual": {
          "metadata": {
            "operationMetadataId": "e4e1e6f5-8598-4aa9-8e93-0b3277fd0247"
          },
          "type": "Request",
          "kind": "Button",
          "inputs": {
            "schema": {
              "type": "object",
              "properties": {},
              "required": []
            }
          }
        }
      },
      "actions": {
        "ルートフォルダー内のファイルのリスト": {
          "runAfter": {},
          "metadata": {
            "operationMetadataId": "600d0bf7-0491-406f-8acb-8215ff9224ae"
          },
          "type": "OpenApiConnection",
          "inputs": {
            "host": {
              "connectionName": "shared_ftp",
              "operationId": "ListRootFolder",
              "apiId": "/providers/Microsoft.PowerApps/apis/shared_ftp"
            },
            "parameters": {},
            "authentication": {
              "type": "Raw",
              "value": "@json(decodeBase64(triggerOutputs().headers['X-MS-APIM-Tokens']))['$ConnectionKey']"
            }
          }
        },
        "ファイル一覧CSVテーブルの作成": {
          "runAfter": {
            "ルートフォルダー内のファイルのリスト": [
              "Succeeded"
            ]
          },
          "metadata": {
            "operationMetadataId": "d1720d23-bfcb-4c80-8ea7-eb6354c0b754"
          },
          "type": "Table",
          "inputs": {
            "from": "@body('ルートフォルダー内のファイルのリスト')",
            "format": "CSV"
          }
        },
        "Apply_to_each": {
          "foreach": "@body('ルートフォルダー内のファイルのリスト')",
          "actions": {
            "条件_2": {
              "actions": {
                "ファイル_コンテンツの取得": {
                  "runAfter": {},
                  "metadata": {
                    "operationMetadataId": "6575df22-9490-4947-8090-a5c53dedffa3"
                  },
                  "type": "OpenApiConnection",
                  "inputs": {
                    "host": {
                      "connectionName": "shared_ftp",
                      "operationId": "GetFileContent",
                      "apiId": "/providers/Microsoft.PowerApps/apis/shared_ftp"
                    },
                    "parameters": {
                      "id": "@item()?['Id']",
                      "inferContentType": true
                    },
                    "authentication": {
                      "type": "Raw",
                      "value": "@json(decodeBase64(triggerOutputs().headers['X-MS-APIM-Tokens']))['$ConnectionKey']"
                    }
                  },
                  "description": "item()?['Id']"
                },
                "FolderPath": {
                  "runAfter": {
                    "ファイル_コンテンツの取得": [
                      "Succeeded"
                    ]
                  },
                  "metadata": {
                    "operationMetadataId": "e302910e-7809-4f15-aec6-da2b79ff6a55"
                  },
                  "type": "Compose",
                  "inputs": "@slice(item()?['Path'], 0, add(1, lastIndexOf(item()?['Path'], '/')))",
                  "description": "slice(item()?['Path'], 0, add(1, lastIndexOf(item()?['Path'], '/')))"
                },
                "条件": {
                  "actions": {
                    "ファイルの作成": {
                      "runAfter": {},
                      "metadata": {
                        "operationMetadataId": "505d6378-49fd-414f-88d6-343fa0e682cf"
                      },
                      "type": "OpenApiConnection",
                      "inputs": {
                        "host": {
                          "connectionName": "shared_ftp",
                          "operationId": "CreateFile",
                          "apiId": "/providers/Microsoft.PowerApps/apis/shared_ftp"
                        },
                        "parameters": {
                          "folderPath": "@outputs('FolderPath')",
                          "name": "new_@{item()?['DisplayName']}",
                          "body": "@body('ファイル_コンテンツの取得')",
                          "ReadFileMetadataFromServer": true
                        },
                        "authentication": {
                          "type": "Raw",
                          "value": "@json(decodeBase64(triggerOutputs().headers['X-MS-APIM-Tokens']))['$ConnectionKey']"
                        }
                      },
                      "runtimeConfiguration": {
                        "contentTransfer": {
                          "transferMode": "Chunked"
                        }
                      }
                    }
                  },
                  "runAfter": {
                    "FolderPath": [
                      "Succeeded"
                    ]
                  },
                  "expression": {
                    "equals": [
                      1,
                      0
                    ]
                  },
                  "metadata": {
                    "operationMetadataId": "bbbf6714-3645-4ff6-a937-faeb7bde45e0"
                  },
                  "type": "If"
                }
              },
              "runAfter": {},
              "else": {
                "actions": {
                  "フォルダー内のファイルのリスト": {
                    "runAfter": {},
                    "metadata": {
                      "operationMetadataId": "4d09a923-1162-439c-92d2-372f1aa8466e"
                    },
                    "type": "OpenApiConnection",
                    "inputs": {
                      "host": {
                        "connectionName": "shared_ftp",
                        "operationId": "ListFolder",
                        "apiId": "/providers/Microsoft.PowerApps/apis/shared_ftp"
                      },
                      "parameters": {
                        "id": "@item()?['Path']"
                      },
                      "authentication": {
                        "type": "Raw",
                        "value": "@json(decodeBase64(triggerOutputs().headers['X-MS-APIM-Tokens']))['$ConnectionKey']"
                      }
                    }
                  }
                }
              },
              "expression": {
                "equals": [
                  "@item()?['IsFolder']",
                  false
                ]
              },
              "metadata": {
                "operationMetadataId": "4704b47a-9064-4947-aabc-63d798200a4a"
              },
              "type": "If"
            }
          },
          "runAfter": {
            "ファイル一覧CSVテーブルの作成": [
              "Succeeded"
            ]
          },
          "metadata": {
            "operationMetadataId": "bce5addc-b6d6-4e98-a7a3-1f4eda94ec32"
          },
          "type": "Foreach",
          "description": "body('ルートフォルダー内のファイルのリスト')"
        }
      }
    },
    "templateName": ""
  },
  "schemaVersion": "1.0.0.0"
}