{
  "properties": {
    "connectionReferences": {
      "shared_ftp": {
        "runtimeSource": "invoker",
        "connection": {
          "connectionReferenceLogicalName": "ya_sharedftp_17f96"
        },
        "api": {
          "name": "shared_ftp"
        }
      }
    },
    "definition": {
      "$schema": "https://schema.management.azure.com/providers/Microsoft.Logic/schemas/2016-06-01/workflowdefinition.json#",
      "contentVersion": "1.0.0.0",
      "parameters": {
        "$connections": {
          "defaultValue": {},
          "type": "Object"
        },
        "$authentication": {
          "defaultValue": {},
          "type": "SecureObject"
        }
      },
      "triggers": {
        "manual": {
          "metadata": {
            "operationMetadataId": "e4e1e6f5-8598-4aa9-8e93-0b3277fd0247"
          },
          "type": "Request",
          "kind": "Button",
          "inputs": {
            "schema": {
              "type": "object",
              "properties": {},
              "required": []
            }
          }
        }
      },
      "actions": {
        "変数Filesを初期化する": {
          "runAfter": {},
          "metadata": {
            "operationMetadataId": "133ea017-aa02-459e-8fb4-ba2b88cf2ad7"
          },
          "type": "InitializeVariable",
          "inputs": {
            "variables": [
              {
                "name": "Files",
                "type": "array"
              }
            ]
          }
        },
        "変数Foldersを初期化する": {
          "runAfter": {
            "変数Filesを初期化する": [
              "Succeeded"
            ]
          },
          "metadata": {
            "operationMetadataId": "d67b4ef0-08c1-42bb-8c43-b63b93c65238"
          },
          "type": "InitializeVariable",
          "inputs": {
            "variables": [
              {
                "name": "Folders",
                "type": "array"
              }
            ]
          }
        },
        "ルートフォルダー": {
          "actions": {
            "ルートフォルダー内のファイルのリスト": {
              "runAfter": {},
              "metadata": {
                "operationMetadataId": "600d0bf7-0491-406f-8acb-8215ff9224ae"
              },
              "type": "OpenApiConnection",
              "inputs": {
                "host": {
                  "connectionName": "shared_ftp",
                  "operationId": "ListRootFolder",
                  "apiId": "/providers/Microsoft.PowerApps/apis/shared_ftp"
                },
                "parameters": {},
                "authentication": {
                  "type": "Raw",
                  "value": "@json(decodeBase64(triggerOutputs().headers['X-MS-APIM-Tokens']))['$ConnectionKey']"
                }
              }
            },
            "ルートディレクトリのファイル一覧": {
              "runAfter": {
                "ルートフォルダー内のファイルのリスト": [
                  "Succeeded"
                ]
              },
              "metadata": {
                "operationMetadataId": "57844450-77ec-4e96-b5a4-b010de7b6448"
              },
              "type": "Query",
              "inputs": {
                "from": "@body('ルートフォルダー内のファイルのリスト')",
                "where": "@equals(item()?['IsFolder'], false)"
              },
              "description": "body('ルートフォルダー内のファイルのリスト') item()?['IsFolder']"
            },
            "ルートディレクトリのファイルごとに": {
              "foreach": "@body('ルートディレクトリのファイル一覧')",
              "actions": {
                "変数Filesに追加": {
                  "runAfter": {},
                  "metadata": {
                    "operationMetadataId": "2cdef275-133b-42c0-928d-30c4fd079bc5"
                  },
                  "type": "AppendToArrayVariable",
                  "inputs": {
                    "name": "Files",
                    "value": "@item()"
                  },
                  "description": "item()"
                }
              },
              "runAfter": {
                "ルートディレクトリのファイル一覧": [
                  "Succeeded"
                ]
              },
              "metadata": {
                "operationMetadataId": "62cc8caf-0316-4c3d-8814-15a8afda258e"
              },
              "type": "Foreach",
              "description": "body('ルートディレクトリのファイル一覧')"
            },
            "ルートディレクトリのフォルダ一覧": {
              "runAfter": {
                "ルートフォルダー内のファイルのリスト": [
                  "Succeeded"
                ]
              },
              "metadata": {
                "operationMetadataId": "118e6104-d4bf-4799-b2b8-9fc4af008026"
              },
              "type": "Query",
              "inputs": {
                "from": "@body('ルートフォルダー内のファイルのリスト')",
                "where": "@equals(item()?['IsFolder'], true)"
              },
              "description": "body('ルートフォルダー内のファイルのリスト') item()?['IsFolder']"
            },
            "ルートディレクトリのフォルダごとに": {
              "foreach": "@body('ルートディレクトリのフォルダ一覧')",
              "actions": {
                "変数Foldersに追加": {
                  "runAfter": {},
                  "metadata": {
                    "operationMetadataId": "2cdef275-133b-42c0-928d-30c4fd079bc5"
                  },
                  "type": "AppendToArrayVariable",
                  "inputs": {
                    "name": "Folders",
                    "value": "@item()?['Path']"
                  },
                  "description": "item()?['Path']"
                }
              },
              "runAfter": {
                "ルートディレクトリのフォルダ一覧": [
                  "Succeeded"
                ]
              },
              "metadata": {
                "operationMetadataId": "62cc8caf-0316-4c3d-8814-15a8afda258e"
              },
              "type": "Foreach",
              "description": "body('ルートディレクトリのフォルダ一覧')"
            }
          },
          "runAfter": {
            "変数Foldersを初期化する": [
              "Succeeded"
            ]
          },
          "metadata": {
            "operationMetadataId": "ce04fa54-4c79-42aa-bc70-85d5bb51bb13"
          },
          "type": "Scope"
        },
        "Do_until": {
          "actions": {
            "カレントフォルダー": {
              "actions": {
                "フォルダー内のファイルのリスト": {
                  "runAfter": {},
                  "metadata": {
                    "operationMetadataId": "1b74b284-6733-4e83-9461-2131a11a71d2"
                  },
                  "type": "OpenApiConnection",
                  "inputs": {
                    "host": {
                      "connectionName": "shared_ftp",
                      "operationId": "ListFolder",
                      "apiId": "/providers/Microsoft.PowerApps/apis/shared_ftp"
                    },
                    "parameters": {
                      "id": "@first(variables('Folders'))"
                    },
                    "authentication": {
                      "type": "Raw",
                      "value": "@json(decodeBase64(triggerOutputs().headers['X-MS-APIM-Tokens']))['$ConnectionKey']"
                    }
                  },
                  "description": "first(variables('Folders'))"
                },
                "ディレクトリのファイル一覧": {
                  "runAfter": {
                    "フォルダー内のファイルのリスト": [
                      "Succeeded"
                    ]
                  },
                  "metadata": {
                    "operationMetadataId": "57844450-77ec-4e96-b5a4-b010de7b6448"
                  },
                  "type": "Query",
                  "inputs": {
                    "from": "@body('フォルダー内のファイルのリスト')",
                    "where": "@equals(item()?['IsFolder'], false)"
                  },
                  "description": "body('フォルダー内のファイルのリスト') item()?['IsFolder']"
                },
                "ディレクトリのファイルごとに": {
                  "foreach": "@body('ディレクトリのファイル一覧')",
                  "actions": {
                    "変数Filesに追加_2": {
                      "runAfter": {},
                      "metadata": {
                        "operationMetadataId": "2cdef275-133b-42c0-928d-30c4fd079bc5"
                      },
                      "type": "AppendToArrayVariable",
                      "inputs": {
                        "name": "Files",
                        "value": "@item()"
                      },
                      "description": "item()"
                    }
                  },
                  "runAfter": {
                    "ディレクトリのファイル一覧": [
                      "Succeeded"
                    ]
                  },
                  "metadata": {
                    "operationMetadataId": "62cc8caf-0316-4c3d-8814-15a8afda258e"
                  },
                  "type": "Foreach",
                  "description": "body('ディレクトリのファイル一覧')"
                },
                "ディレクトリのフォルダ一覧": {
                  "runAfter": {
                    "フォルダー内のファイルのリスト": [
                      "Succeeded"
                    ]
                  },
                  "metadata": {
                    "operationMetadataId": "118e6104-d4bf-4799-b2b8-9fc4af008026"
                  },
                  "type": "Query",
                  "inputs": {
                    "from": "@body('フォルダー内のファイルのリスト')",
                    "where": "@equals(item()?['IsFolder'], true)"
                  },
                  "description": "body('フォルダー内のファイルのリスト') item()?['IsFolder']"
                },
                "ディレクトリのフォルダごとに": {
                  "foreach": "@body('ディレクトリのフォルダ一覧')",
                  "actions": {
                    "変数Foldersに追加_2": {
                      "runAfter": {},
                      "metadata": {
                        "operationMetadataId": "2cdef275-133b-42c0-928d-30c4fd079bc5"
                      },
                      "type": "AppendToArrayVariable",
                      "inputs": {
                        "name": "Folders",
                        "value": "@items('ディレクトリのフォルダごとに')?['Path']"
                      },
                      "description": "item()?['Path']"
                    }
                  },
                  "runAfter": {
                    "ディレクトリのフォルダ一覧": [
                      "Succeeded"
                    ]
                  },
                  "metadata": {
                    "operationMetadataId": "62cc8caf-0316-4c3d-8814-15a8afda258e"
                  },
                  "type": "Foreach",
                  "description": "body('ディレクトリのフォルダ一覧')"
                }
              },
              "runAfter": {
                "Foldersの先頭要素": [
                  "Succeeded"
                ]
              },
              "metadata": {
                "operationMetadataId": "45efed81-83cd-4d5c-9b6f-51d4f38cb8d8"
              },
              "type": "Scope"
            },
            "続行／終了判定": {
              "actions": {
                "変数FoldersTempの設定": {
                  "runAfter": {},
                  "metadata": {
                    "operationMetadataId": "b38f495f-ad05-4919-b7e4-af39e01072cb"
                  },
                  "type": "SetVariable",
                  "inputs": {
                    "name": "FoldersTemp",
                    "value": "@skip(variables('Folders'), 1)"
                  },
                  "description": "skip(variables('Folders'), 1)"
                },
                "Foldersの先頭要素を削除する": {
                  "runAfter": {
                    "変数FoldersTempの設定": [
                      "Succeeded"
                    ]
                  },
                  "metadata": {
                    "operationMetadataId": "b53914e9-c8f1-434f-ac93-103901089d0a"
                  },
                  "type": "SetVariable",
                  "inputs": {
                    "name": "Folders",
                    "value": "@variables('FoldersTemp')"
                  },
                  "description": "skip(variables('Folders'), 1) 自己参照できないので一旦FoldersTempを経由させる"
                }
              },
              "runAfter": {
                "カレントフォルダー": [
                  "Succeeded"
                ]
              },
              "else": {
                "actions": {
                  "変数IsCompletedの設定": {
                    "runAfter": {},
                    "metadata": {
                      "operationMetadataId": "c6cdf411-3890-4f74-99ac-568e4346c70a"
                    },
                    "type": "SetVariable",
                    "inputs": {
                      "name": "IsCompleted",
                      "value": true
                    }
                  }
                }
              },
              "expression": {
                "greater": [
                  "@length(variables('Folders'))",
                  1
                ]
              },
              "metadata": {
                "operationMetadataId": "ae735a11-79df-4058-8d12-042e177b11a4"
              },
              "type": "If",
              "description": "length(variables('Folders'))"
            },
            "変数FoldersTempを空にする": {
              "runAfter": {},
              "metadata": {
                "operationMetadataId": "ff7a2499-26f7-4c87-b249-f822d91fd375"
              },
              "type": "SetVariable",
              "inputs": {
                "name": "FoldersTemp",
                "value": []
              }
            },
            "Foldersの先頭要素": {
              "runAfter": {
                "Foldersの全要素": [
                  "Succeeded"
                ]
              },
              "metadata": {
                "operationMetadataId": "ca3c4a49-8ab5-4052-ac98-cd5b9a80911c"
              },
              "type": "Compose",
              "inputs": "@first(variables('Folders'))",
              "description": "first(variables('Folders'))"
            },
            "Foldersの全要素": {
              "runAfter": {
                "変数FoldersTempを空にする": [
                  "Succeeded"
                ]
              },
              "metadata": {
                "operationMetadataId": "ca3c4a49-8ab5-4052-ac98-cd5b9a80911c"
              },
              "type": "Compose",
              "inputs": "@variables('Folders')",
              "description": "variables('Folders')"
            }
          },
          "runAfter": {
            "変数FoldersTempを初期化する": [
              "Succeeded"
            ]
          },
          "expression": "@equals(variables('IsCompleted'), true)",
          "limit": {
            "count": 5000,
            "timeout": "PT1H"
          },
          "metadata": {
            "operationMetadataId": "4aee25c8-c281-4ea1-993f-91df373b4060"
          },
          "type": "Until",
          "description": "Do untilの回数制限は5000が上限"
        },
        "変数IsCompletedを初期化する": {
          "runAfter": {
            "ルートフォルダー": [
              "Succeeded"
            ]
          },
          "metadata": {
            "operationMetadataId": "f77e4d4a-556f-47bc-a000-daf771513cbd"
          },
          "type": "InitializeVariable",
          "inputs": {
            "variables": [
              {
                "name": "IsCompleted",
                "type": "boolean",
                "value": false
              }
            ]
          }
        },
        "変数FoldersTempを初期化する": {
          "runAfter": {
            "変数IsCompletedを初期化する": [
              "Succeeded"
            ]
          },
          "metadata": {
            "operationMetadataId": "350f3cdd-d116-44fe-9483-6ab2e2110f6d"
          },
          "type": "InitializeVariable",
          "inputs": {
            "variables": [
              {
                "name": "FoldersTemp",
                "type": "array"
              }
            ]
          }
        },
        "CSVテーブルFilesSortedの作成": {
          "runAfter": {
            "変数FilesSortedを初期化する": [
              "Succeeded"
            ]
          },
          "metadata": {
            "operationMetadataId": "1d2ed6c6-fdfc-4795-869c-6d876851b785"
          },
          "type": "Table",
          "inputs": {
            "from": "@variables('FilesSorted')",
            "format": "CSV",
            "columns": [
              {
                "header": "DisplayName",
                "value": "@item()?['DisplayName']"
              },
              {
                "header": "MediaType",
                "value": "@item()?['MediaType']"
              },
              {
                "header": "LastModified",
                "value": "@item()?['LastModified']"
              },
              {
                "header": "Size",
                "value": "@item()?['Size']"
              },
              {
                "header": "Path",
                "value": "@item()?['Path']"
              }
            ]
          },
          "description": "variables('FilesSorted') item()?['DisplayName'] , ..."
        },
        "ファイルの内容を確認する": {
          "actions": {
            "ファイルごとに": {
              "foreach": "@variables('Files')",
              "actions": {
                "ファイル_コンテンツの取得": {
                  "runAfter": {},
                  "metadata": {
                    "operationMetadataId": "5ffa3615-8e2d-48be-b382-8a0ed89eca45"
                  },
                  "type": "OpenApiConnection",
                  "inputs": {
                    "host": {
                      "connectionName": "shared_ftp",
                      "operationId": "GetFileContent",
                      "apiId": "/providers/Microsoft.PowerApps/apis/shared_ftp"
                    },
                    "parameters": {
                      "id": "@item()?['Path']",
                      "inferContentType": true
                    },
                    "authentication": {
                      "type": "Raw",
                      "value": "@json(decodeBase64(triggerOutputs().headers['X-MS-APIM-Tokens']))['$ConnectionKey']"
                    }
                  },
                  "description": "item()?['Path']"
                }
              },
              "runAfter": {},
              "metadata": {
                "operationMetadataId": "c07be069-ef2e-46b5-8721-ce46b713d950"
              },
              "type": "Foreach",
              "description": "variables('Files')"
            }
          },
          "runAfter": {
            "CSVテーブルFilesSortedの作成": [
              "Succeeded"
            ]
          },
          "expression": {
            "equals": [
              1,
              0
            ]
          },
          "metadata": {
            "operationMetadataId": "078d9b06-ae4b-4c09-ad60-a484d408ef36"
          },
          "type": "If"
        },
        "変数FilesSortedを初期化する": {
          "runAfter": {
            "Do_until": [
              "Succeeded"
            ]
          },
          "metadata": {
            "operationMetadataId": "a0676a66-82c6-40e2-bc57-e125cf7b65a1"
          },
          "type": "InitializeVariable",
          "inputs": {
            "variables": [
              {
                "name": "FilesSorted",
                "type": "array",
                "value": "@sort(variables('Files'), 'Path')"
              }
            ]
          },
          "description": "sort(variables('Files'), 'Path')"
        }
      }
    },
    "templateName": ""
  },
  "schemaVersion": "1.0.0.0"
}